concurrency,input,output,ttft_ms,itl_ms,in_tps,out_tps,model_name,tpu_size
8,1024,1,269.3135199999972,0.0,26675.791315595736,26.05057745663646,Qwen/Qwen-7B,1
8,1024,1024,180.56923000000324,19.792077999966295,391.8036159440164,391.8036159440164,Qwen/Qwen-7B,1
