concurrency,input,output,ttft_ms,itl_ms,in_tps,out_tps,model_name,tpu_size
8,1024,1,269.6322855000233,0.0,28709.206159854864,28.036334140483266,Qwen/Qwen-7B,1
8,1024,1024,180.78355700001225,20.39800200003583,394.306293353952,394.306293353952,Qwen/Qwen-7B,1
