concurrency,input,output,ttft_ms,itl_ms,in_tps,out_tps,model_name,tpu_size
8,1024,1,110.75117554001736,10.777563002442838,1272.0126367640378,601.103373437769,Qwen/Qwen3-Coder-30B-A3B-Instruct,4
8,1024,1024,110.85873601999083,10.77643075065434,1274.7326457395402,602.3887431925185,Qwen/Qwen3-Coder-30B-A3B-Instruct,4
8,1024,1,59.35088544001701,5.586943245936195,2286.5929673296223,1075.6916826676177,inclusionAI/Ling-mini-2.0,4
8,1024,1024,59.257302520045414,5.582918462326315,2300.407263061827,1082.1904007312867,inclusionAI/Ling-mini-2.0,4
