concurrency,input,output,ttft_ms,itl_ms,in_tps,out_tps,model_name,tpu_size
8,1024,1,28.87972166000509,5.461526486196016,2429.0690038314183,1147.88291430083,Qwen/Qwen-7B,4
8,1024,1024,29.097657120014446,5.517570102219139,2365.4623094437547,1117.8248807054117,Qwen/Qwen-7B,4
8,1024,1,35.538348340000994,7.0925049771439275,1809.8202028915923,855.2501742761934,Qwen/Qwen3-8B,4
8,1024,1024,34.40652633999434,6.870208675390313,1859.8309536002878,878.8832971637365,Qwen/Qwen3-8B,4
8,1024,1,18.912027400001534,4.294944929976078,2946.2802586135936,1332.7816343555137,google/gemma-2-2b-it,4
8,1024,1024,19.133111920014017,4.496761878249026,2828.931587543242,1279.6976980390864,google/gemma-2-2b-it,4
8,1024,1,31.130564340010096,5.059557647212703,2524.1472662712654,1192.8131788606115,Qwen/Qwen2.5-7B-Instruct,4
8,1024,1024,30.93134095998721,5.142754603594028,2497.2679078805604,1180.1110463994128,Qwen/Qwen2.5-7B-Instruct,4
