concurrency,input,output,ttft_ms,itl_ms,in_tps,out_tps,model_name,tpu_size
8,1024,1,269.4109760000174,0.0,26692.418304664425,26.066814750648852,Qwen/Qwen-7B,1
8,1024,1024,180.5588979999868,19.548942000028546,393.96687222179077,393.96687222179077,Qwen/Qwen-7B,1
