concurrency,input,output,ttft_ms,itl_ms,in_tps,out_tps,model_name,tpu_size
8,1024,1,269.40597450001746,0.0,26743.418391249066,26.116619522704166,Qwen/Qwen-7B,1
8,1024,1024,180.85844699999143,19.644081000024016,394.10655268976797,394.10655268976797,Qwen/Qwen-7B,1
