concurrency,input,output,ttft_ms,itl_ms,in_tps,out_tps,model_name,tpu_size
256,1024,1,6363.380382500011,0.0,40584.57398160433,39.633373028910476,Qwen/Qwen2.5-7B-Instruct,1
256,1024,1024,26669.397385999986,21.137630499993065,4080.113352127059,4080.113352127059,Qwen/Qwen2.5-7B-Instruct,1
256,4096,1,27260.610026999984,0.0,38410.933548918365,9.377669323466398,Qwen/Qwen2.5-7B-Instruct,1
256,4096,1024,140912.62986749996,22.722500999975637,5767.601211089533,1441.9003027723832,Qwen/Qwen2.5-7B-Instruct,1
256,8192,1,61863.8307965,0.0,33870.44904047894,4.134576298886589,Qwen/Qwen2.5-7B-Instruct,1
256,8192,1024,314261.38242700003,22.734110000328656,6035.575674789746,754.4469593487182,Qwen/Qwen2.5-7B-Instruct,1
