concurrency,input,output,ttft_ms,itl_ms,in_tps,out_tps,model_name,tpu_size
256,1024,1,7236.096068500018,0.0,35733.1925979498,34.89569589643535,Qwen/Qwen3-8B,1
256,1024,1024,138370.50426150003,21.359657000004972,1501.5905280416728,1501.5905280416728,Qwen/Qwen3-8B,1
256,4096,1,34087.27354699994,0.0,30722.039046033096,7.500497813972924,Qwen/Qwen3-8B,1
256,4096,1024,444135.20430150005,22.263891999955376,2147.028354907674,536.7570887269185,Qwen/Qwen3-8B,1
256,8192,1,78153.5421614999,0.0,26813.947938331497,3.2731870041908566,Qwen/Qwen3-8B,1
256,8192,1024,877188.1730174999,22.34141200005979,2289.416289999123,286.17703624989036,Qwen/Qwen3-8B,1
