concurrency,input,output,ttft_ms,itl_ms,in_tps,out_tps,model_name,tpu_size
256,1024,1,8636.074449500256,0.0,30136.330166269676,29.43000992799773,Qwen/Qwen-7B,1
256,1024,1024,562036.8057089995,21.873184499781928,436.98627175151546,436.98627175151546,Qwen/Qwen-7B,1
256,4096,1,52670.80469699977,0.0,19895.30093179187,4.857251204050749,Qwen/Qwen-7B,1
256,4096,1024,1590839.4243414996,23.856599998907768,648.9945523779646,162.24863809449116,Qwen/Qwen-7B,1
256,8192,1,141904.03783299917,0.0,14771.934494346073,1.8032146599543546,Qwen/Qwen-7B,1
256,8192,1024,3117402.7389809988,22.88744999896153,667.5907315319977,83.44884144149971,Qwen/Qwen-7B,1
