concurrency,input,output,ttft_ms,itl_ms,in_tps,out_tps,model_name,tpu_size
8,1024,1,269.8539515000107,0.0,26699.91701547224,26.07413771042211,Qwen/Qwen-7B,1
8,1024,1024,180.35394300000007,19.775838000043677,392.2273238683206,392.2273238683206,Qwen/Qwen-7B,1
