concurrency,input,output,ttft_ms,itl_ms,in_tps,out_tps,model_name,tpu_size
8,1024,1,269.2773230000114,0.0,26737.508821958436,26.110848458943785,Qwen/Qwen-7B,1
8,1024,1024,180.34226399998943,19.61177100002942,393.9077514611692,393.9077514611692,Qwen/Qwen-7B,1
