concurrency,input,output,ttft_ms,itl_ms,in_tps,out_tps,model_name,tpu_size
8,1024,1,269.8312450000344,0.0,26627.205010156984,26.00312989273143,Qwen/Qwen-7B,1
8,1024,1024,180.9104609999963,19.651199999998425,393.9658296480474,393.9658296480474,Qwen/Qwen-7B,1
