concurrency,input,output,ttft_ms,itl_ms,in_tps,out_tps,model_name,tpu_size
8,1024,1,82.13204134000534,16.333494926524562,789.728922465016,373.1949712408049,Qwen/Qwen-7B,1
8,1024,1024,82.00378144000297,16.33024850550411,789.669237289589,373.1667663635446,Qwen/Qwen-7B,1
8,1024,1,63.630787639972375,15.21695179359665,830.0091696618114,392.2298391132633,Qwen/Qwen3-8B,1
8,1024,1024,63.48015161998319,15.227780784000624,829.3625847283158,391.92428838718956,Qwen/Qwen3-8B,1
8,1024,1,419.945344739981,142.76503570972974,87.90336468690921,39.76403456876052,google/gemma-2-2b-it,1
8,1024,1024,420.079917919993,142.76168579437416,87.90455544837704,39.76457322254628,google/gemma-2-2b-it,1
8,1024,1,52.214344539988815,13.772646589897874,914.1015646644187,431.9686128137525,Qwen/Qwen2.5-7B-Instruct,1
8,1024,1024,52.130249519987046,13.790887787926463,913.1684003071906,431.52763587147257,Qwen/Qwen2.5-7B-Instruct,1
