concurrency,input,output,ttft_ms,itl_ms,in_tps,out_tps,model_name,tpu_size
8,1024,1,110.44200993999766,10.759602669429423,1277.3008212798609,603.6023624100086,Qwen/Qwen3-Coder-30B-A3B-Instruct,4
8,1024,1024,110.81722933998208,10.77001535342865,1278.8369974930406,604.3282991477805,Qwen/Qwen3-Coder-30B-A3B-Instruct,4
8,1024,1,58.96670929998436,5.6541069815442375,2223.5190091566565,1046.0195314938037,inclusionAI/Ling-mini-2.0,4
8,1024,1024,58.98450358005903,5.565129279207769,2283.8457496250294,1074.3992973250881,inclusionAI/Ling-mini-2.0,4
