concurrency,input,output,ttft_ms,itl_ms,in_tps,out_tps,model_name,tpu_size
8,1024,1,29.28662606000671,5.485673838546168,2396.8334727900656,1132.649664336577,Qwen/Qwen-7B,4
8,1024,1024,29.25123777998124,5.540667633059541,2343.0858741140155,1107.2506533955038,Qwen/Qwen-7B,4
8,1024,1,35.95748904001539,7.1051397320072365,1788.6773898455917,845.2589085618479,Qwen/Qwen3-8B,4
8,1024,1024,34.983338980014196,7.132929797086172,1792.3600009392705,846.9991663922268,Qwen/Qwen3-8B,4
8,1024,1,18.411168819966406,4.098033024367304,3057.478664387034,1383.0834318682162,google/gemma-2-2b-it,4
8,1024,1024,18.91495733998454,4.396943710670318,2859.60136544203,1293.571502675887,google/gemma-2-2b-it,4
8,1024,1,28.52171610001278,5.214607344848766,2475.811969218628,1169.9718097776981,Qwen/Qwen2.5-7B-Instruct,4
8,1024,1024,28.40908691999175,4.825074661955721,2666.0309422523515,1259.86184945004,Qwen/Qwen2.5-7B-Instruct,4
