concurrency,input,output,ttft_ms,itl_ms,in_tps,out_tps,model_name,tpu_size
8,1024,1,269.1858469999886,0.0,28740.50605224856,28.066900441648983,Qwen/Qwen-7B,1
8,1024,1024,180.37659099996972,19.947306999995362,392.396563724413,392.396563724413,Qwen/Qwen-7B,1
