concurrency,input,output,ttft_ms,itl_ms,in_tps,out_tps,model_name,tpu_size
8,1024,1,29.484579100002293,5.525314387384243,2360.690423286257,1115.5698741244787,Qwen/Qwen-7B,4
8,1024,1024,29.333780460002572,5.523867701904607,2359.299248438414,1114.9124593552297,Qwen/Qwen-7B,4
8,1024,1,35.1643033799985,7.053672451452504,1803.643975815772,852.3315311565482,Qwen/Qwen3-8B,4
8,1024,1024,35.17504728000176,7.168934072145185,1778.1075098358851,840.2639970750953,Qwen/Qwen3-8B,4
8,1024,1,19.733705900016503,4.427753044459554,2953.6028296824475,1336.0940783120243,google/gemma-2-2b-it,4
8,1024,1024,18.18711243999587,4.038031512226458,3089.544739337729,1397.5888665278042,google/gemma-2-2b-it,4
8,1024,1,28.480710439994255,4.916926417778926,2592.2562371381905,1224.9988120581204,Qwen/Qwen2.5-7B-Instruct,4
8,1024,1024,28.32291222000549,4.759526178836209,2679.3510256548693,1266.1563993910647,Qwen/Qwen2.5-7B-Instruct,4
