concurrency,input,output,ttft_ms,itl_ms,in_tps,out_tps,model_name,tpu_size
8,1024,1,82.29148976000829,16.484332934125455,781.7598430576439,369.42909629859435,Qwen/Qwen-7B,1
8,1024,1024,82.59476930000005,16.50439344041587,780.8828087388176,369.01464421499844,Qwen/Qwen-7B,1
8,1024,1,64.14152002000492,15.3735203495595,821.5428972559697,388.2290102248483,Qwen/Qwen3-8B,1
8,1024,1024,64.22132182000041,15.378223404257154,821.2553766750656,388.0931392546087,Qwen/Qwen3-8B,1
8,1024,1,419.88805179999645,142.75696803368677,87.90797855902099,39.76612170354543,google/gemma-2-2b-it,1
8,1024,1024,419.8472830599849,142.75701565843013,87.90809413529917,39.76617398572071,google/gemma-2-2b-it,1
8,1024,1,52.422692439977254,13.955122987961273,902.0763024939793,426.28594469536523,Qwen/Qwen2.5-7B-Instruct,1
8,1024,1024,54.473249819975536,13.944456838000475,902.0540940025418,426.27544983176386,Qwen/Qwen2.5-7B-Instruct,1
