concurrency,input,output,ttft_ms,itl_ms,in_tps,out_tps,model_name,tpu_size
8,1024,1,111.32973357998935,10.78622496318267,1271.0446688571349,600.6459497004554,Qwen/Qwen3-Coder-30B-A3B-Instruct,4
8,1024,1024,110.80610917999593,10.7629887846798,1280.7877769300005,605.2501611375897,Qwen/Qwen3-Coder-30B-A3B-Instruct,4
8,1024,1,59.14516425998954,5.676857417033461,2230.6934835857187,1049.394650100884,inclusionAI/Ling-mini-2.0,4
8,1024,1024,59.46529275998728,5.664062067050443,2272.3964578384016,1069.0131581550315,inclusionAI/Ling-mini-2.0,4
