concurrency,input,output,ttft_ms,itl_ms,in_tps,out_tps,model_name,tpu_size
8,1024,1,268.894239500014,0.0,26761.833005101693,26.134602544044622,Qwen/Qwen-7B,1
8,1024,1024,180.2442430000042,19.738287000052424,393.9056745275347,393.9056745275347,Qwen/Qwen-7B,1
