concurrency,input,output,ttft_ms,itl_ms,in_tps,out_tps,model_name,tpu_size
256,1024,1,8484.935415000109,0.0,30651.669069880074,29.93327057605476,Qwen/Qwen-7B,1
256,1024,1024,530912.8612035002,21.289132000674726,462.5314011618596,462.5314011618596,Qwen/Qwen-7B,1
256,4096,1,50395.51829499942,0.0,20792.46322090753,5.076284966041878,Qwen/Qwen-7B,1
256,4096,1024,1507368.4285359995,22.600893000344513,684.8837088646918,171.22092721617295,Qwen/Qwen-7B,1
256,8192,1,134062.45915999988,0.0,15635.908617890726,1.908680251207364,Qwen/Qwen-7B,1
256,8192,1024,3247245.0916425004,24.02060100212111,640.8408958226236,80.10511197782795,Qwen/Qwen-7B,1
