concurrency,input,output,ttft_ms,itl_ms,in_tps,out_tps,model_name,tpu_size
256,1024,1,23051.82544599998,0.0,11221.689829854577,10.95868147446736,google/gemma-2-2b-it,1
256,1024,1024,330573.1565979999,152.62075500004357,536.4757804548503,536.4757804548503,google/gemma-2-2b-it,1
256,4096,1,88177.66228050005,0.0,11875.018144261387,2.899174351626315,google/gemma-2-2b-it,1
256,4096,1024,1017407.6754214998,152.57382799995867,889.7126995770307,222.42817489425767,google/gemma-2-2b-it,1
256,8192,1,183299.51261149973,0.0,11433.393302748975,1.3956778934019745,google/gemma-2-2b-it,1
256,8192,1024,1888590.334711,152.23722700011422,996.2951056789349,124.53688820986686,google/gemma-2-2b-it,1
