concurrency,input,output,ttft_ms,itl_ms,in_tps,out_tps,model_name,tpu_size
256,1024,1,8302.144938000027,0.0,31210.648792864697,30.47914921178193,Qwen/Qwen3-8B,1
256,1024,1024,138079.95600900002,21.178179000003183,1506.4837419230776,1506.4837419230776,Qwen/Qwen3-8B,1
256,4096,1,36829.13855800001,0.0,28442.560575650925,6.943984515539777,Qwen/Qwen3-8B,1
256,4096,1024,451924.92943600006,22.57590999988679,2110.682447833229,527.6706119583073,Qwen/Qwen3-8B,1
256,8192,1,86968.3796280001,0.0,24098.39993226534,2.941699210481609,Qwen/Qwen3-8B,1
256,8192,1024,872179.5874419999,21.96109000033175,2303.607860664133,287.95098258301664,Qwen/Qwen3-8B,1
