concurrency,input,output,ttft_ms,itl_ms,in_tps,out_tps,model_name,tpu_size
8,1024,1,269.6496510000088,0.0,26657.264832166315,26.032485187662417,Qwen/Qwen-7B,1
8,1024,1024,180.20920500001125,19.554850000019997,393.920557870453,393.920557870453,Qwen/Qwen-7B,1
