concurrency,input,output,ttft_ms,itl_ms,in_tps,out_tps,model_name,tpu_size
8,1024,1,269.85809100000324,0.0,26512.77880013853,25.891385547010284,Qwen/Qwen-7B,1
8,1024,1024,180.80956599999354,20.0058199999944,393.24849579058065,393.24849579058065,Qwen/Qwen-7B,1
