concurrency,input,output,ttft_ms,itl_ms,in_tps,out_tps,model_name,tpu_size
8,1024,1,269.946884999996,0.0,26709.71271901997,26.08370382716794,Qwen/Qwen-7B,1
8,1024,1024,180.42311500002484,19.54325899998821,393.87294993818796,393.87294993818796,Qwen/Qwen-7B,1
