concurrency,input,output,ttft_ms,itl_ms,in_tps,out_tps,model_name,tpu_size
256,1024,1,23047.899525999994,0.0,11224.414467157974,10.96134225308396,google/gemma-2-2b-it,1
256,1024,1024,330572.59846300003,152.61933900001168,536.4798902789067,536.4798902789067,google/gemma-2-2b-it,1
256,4096,1,88172.19853300015,0.0,11875.875664255393,2.8993837070936017,google/gemma-2-2b-it,1
256,4096,1024,1017428.7078369998,152.57927799984827,889.6948834693167,222.42372086732917,google/gemma-2-2b-it,1
256,8192,1,183276.85949900025,0.0,11434.70508149386,1.3958380226432934,google/gemma-2-2b-it,1
256,8192,1024,1888581.4218520008,152.23845899890875,996.3036256953435,124.53795321191794,google/gemma-2-2b-it,1
