concurrency,input,output,ttft_ms,itl_ms,in_tps,out_tps,model_name,tpu_size
256,1024,1,5895.422085499831,0.0,43764.97881535671,42.73923712437179,Qwen/Qwen2.5-7B-Instruct,1
256,1024,1024,25828.744686999926,20.715170000130456,4195.238331396001,4195.238331396001,Qwen/Qwen2.5-7B-Instruct,1
256,4096,1,27476.882336499784,0.0,38098.132411695646,9.301301858324132,Qwen/Qwen2.5-7B-Instruct,1
256,4096,1024,138690.3142580004,22.248329500143882,5869.762150487575,1467.4405376218938,Qwen/Qwen2.5-7B-Instruct,1
256,8192,1,62689.77160350005,0.0,33409.30947876803,4.078284848482426,Qwen/Qwen2.5-7B-Instruct,1
256,8192,1024,309753.2134215003,22.241740000026766,6124.5416337197385,765.5677042149673,Qwen/Qwen2.5-7B-Instruct,1
