concurrency,input,output,ttft_ms,itl_ms,in_tps,out_tps,model_name,tpu_size
256,1024,1,8321.2462905,0.0,31109.43751345194,30.38031007173041,Qwen/Qwen3-8B,1
256,1024,1024,136163.32122549997,20.873455000042895,1528.002993485229,1528.002993485229,Qwen/Qwen3-8B,1
256,4096,1,36888.42745099998,0.0,28393.506826447687,6.932008502550705,Qwen/Qwen3-8B,1
256,4096,1024,445425.2681475001,22.22515099992961,2142.1434663373066,535.5358665843266,Qwen/Qwen3-8B,1
256,8192,1,87096.80516699995,0.0,24062.904136809306,2.9373662276378547,Qwen/Qwen3-8B,1
256,8192,1024,859733.5782860001,21.62707999968916,2336.6150569272504,292.0768821159063,Qwen/Qwen3-8B,1
