concurrency,input,output,ttft_ms,itl_ms,in_tps,out_tps,model_name,tpu_size
8,1024,1,269.75262549999,0.0,28691.893797136425,28.01942753626604,Qwen/Qwen-7B,1
8,1024,1024,181.39295499997843,20.460114999991674,393.4813369624812,393.4813369624812,Qwen/Qwen-7B,1
