concurrency,input,output,ttft_ms,itl_ms,in_tps,out_tps,model_name,tpu_size
8,1024,1,269.7753740000053,0.0,26739.366873591618,26.112662962491815,Qwen/Qwen-7B,1
8,1024,1024,180.65980699998363,19.73422399998981,394.6212974568851,394.6212974568851,Qwen/Qwen-7B,1
