concurrency,input,output,ttft_ms,itl_ms,in_tps,out_tps,model_name,tpu_size
8,1024,1,269.98569149998275,0.0,26706.25834692782,26.0803304169217,Qwen/Qwen-7B,1
8,1024,1024,180.39760699997487,19.55670999996073,394.04454120323885,394.04454120323885,Qwen/Qwen-7B,1
