concurrency,input,output,ttft_ms,itl_ms,in_tps,out_tps,model_name,tpu_size
8,1024,1,269.734958999976,0.0,28678.50643136747,28.006353936882295,Qwen/Qwen-7B,1
8,1024,1024,180.77389600000515,20.093166999970435,393.88973210178295,393.88973210178295,Qwen/Qwen-7B,1
