concurrency,input,output,ttft_ms,itl_ms,in_tps,out_tps,model_name,tpu_size
256,1024,1,22945.672100000138,0.0,11274.360339770163,11.0101175193068,google/gemma-2-2b-it,1
256,1024,1024,329811.17240200023,152.31313799995405,537.6175986197612,537.6175986197612,google/gemma-2-2b-it,1
256,4096,1,87631.3097455004,0.0,11949.10825392631,2.917262757306228,google/gemma-2-2b-it,1
256,4096,1024,1014965.617506,152.2652690000541,891.7853307920625,222.94633269801562,google/gemma-2-2b-it,1
256,8192,1,181946.04771649936,0.0,11518.180797286848,1.4060279293563047,google/gemma-2-2b-it,1
256,8192,1024,1883117.0472235,151.8690985003559,999.1370396497286,124.89212995621608,google/gemma-2-2b-it,1
