concurrency,input,output,ttft_ms,itl_ms,in_tps,out_tps,model_name,tpu_size
256,1024,1,6372.147545499956,0.0,39964.737487652776,39.028063952785914,Qwen/Qwen2.5-7B-Instruct,1
256,1024,1024,26116.375365500062,20.604665000064415,4175.643006396551,4175.643006396551,Qwen/Qwen2.5-7B-Instruct,1
256,4096,1,27283.669102999964,0.0,38384.817043056195,9.371293223402391,Qwen/Qwen2.5-7B-Instruct,1
256,4096,1024,138376.48727300006,22.228849999919476,5876.633590654354,1469.1583976635884,Qwen/Qwen2.5-7B-Instruct,1
256,8192,1,61895.401228499846,0.0,33852.50350295826,4.132385681513459,Qwen/Qwen2.5-7B-Instruct,1
256,8192,1024,308914.7710945001,22.240760000386217,6140.682943560001,767.5853679450001,Qwen/Qwen2.5-7B-Instruct,1
