concurrency,input,output,ttft_ms,itl_ms,in_tps,out_tps,model_name,tpu_size
256,1024,1,7252.190812499975,0.0,35664.04936872226,34.828173211642834,Qwen/Qwen3-8B,1
256,1024,1024,136825.68037100002,21.113095000004023,1518.7845479098726,1518.7845479098726,Qwen/Qwen3-8B,1
256,4096,1,34134.636870500006,0.0,30685.249138144034,7.491515902867196,Qwen/Qwen3-8B,1
256,4096,1024,439170.3512874999,22.028879999652418,2171.8484023269307,542.9621005817327,Qwen/Qwen3-8B,1
256,8192,1,78275.47541099989,0.0,26772.287444713365,3.268101494715987,Qwen/Qwen3-8B,1
256,8192,1024,867078.046119,22.042419999706908,2316.190446485833,289.52380581072913,Qwen/Qwen3-8B,1
