concurrency,input,output,ttft_ms,itl_ms,in_tps,out_tps,model_name,tpu_size
256,1024,1,8680.357418499994,0.0,29987.0627336782,29.28424095085762,Qwen/Qwen-7B,1
256,1024,1024,561149.0052175,21.814451500119958,437.7256576249941,437.7256576249941,Qwen/Qwen-7B,1
256,4096,1,52853.24838749989,0.0,19826.39630564872,4.840428785558769,Qwen/Qwen-7B,1
256,4096,1024,1590974.2562264996,23.859769999944547,648.9264124642351,162.23160311605878,Qwen/Qwen-7B,1
256,8192,1,142210.44498949958,0.0,14739.41765538463,1.799245319260819,Qwen/Qwen-7B,1
256,8192,1024,3116687.355561,22.86973000082071,667.7438827589791,83.46798534487239,Qwen/Qwen-7B,1
