concurrency,input,output,ttft_ms,itl_ms,in_tps,out_tps,model_name,tpu_size
256,1024,1,5878.335800999821,0.0,43908.42348956895,42.87931981403218,Qwen/Qwen2.5-7B-Instruct,1
256,1024,1024,26566.21928299978,21.43518499997299,4064.35859515662,4064.35859515662,Qwen/Qwen2.5-7B-Instruct,1
256,4096,1,27434.954982999898,0.0,38169.06620983681,9.31861968013594,Qwen/Qwen2.5-7B-Instruct,1
256,4096,1024,142680.32672599997,23.012945000118634,5702.018165953659,1425.5045414884148,Qwen/Qwen2.5-7B-Instruct,1
256,8192,1,62636.96714599996,0.0,33453.08854041033,4.083628972218058,Qwen/Qwen2.5-7B-Instruct,1
256,8192,1024,318239.86075950006,22.955059000196343,5961.346628280303,745.1683285350379,Qwen/Qwen2.5-7B-Instruct,1
