concurrency,input,output,ttft_ms,itl_ms,in_tps,out_tps,model_name,tpu_size
8,1024,1,111.02811100002327,10.77852364395406,1275.534263050885,602.7675561509191,Qwen/Qwen3-Coder-30B-A3B-Instruct,4
8,1024,1024,111.00334069996279,10.775794883877127,1275.1866264245152,602.6032766911072,Qwen/Qwen3-Coder-30B-A3B-Instruct,4
8,1024,1,59.15280739997797,5.539155920758495,2336.476358458145,1099.158539124748,inclusionAI/Ling-mini-2.0,4
8,1024,1024,58.936433379994924,5.557818791652405,2289.3725871255037,1076.9993110641574,inclusionAI/Ling-mini-2.0,4
