concurrency,input,output,ttft_ms,itl_ms,in_tps,out_tps,model_name,tpu_size
8,1024,1,29.435395720020097,5.500918611829501,2384.7514574106126,1126.9401768734713,Qwen/Qwen-7B,4
8,1024,1024,29.35700964001171,5.499998069456572,2389.3129885990224,1129.0957779313117,Qwen/Qwen-7B,4
8,1024,1,35.25293252000665,7.041871445607659,1804.760495229006,852.8591545200323,Qwen/Qwen3-8B,4
8,1024,1024,34.46836526001789,6.961396088894726,1830.0614997496575,864.815418734056,Qwen/Qwen3-8B,4
8,1024,1,20.331071159989733,4.410091486234665,2959.4568384109393,1338.7422022635328,google/gemma-2-2b-it,4
8,1024,1024,18.92993751999711,4.332159204514491,2903.1426679597957,1313.2678802224355,google/gemma-2-2b-it,4
8,1024,1,28.604832499986514,4.884607907790106,2624.427304298907,1240.2015989161152,Qwen/Qwen2.5-7B-Instruct,4
8,1024,1024,28.113479900011953,4.916053442466929,2582.424249597325,1220.3525996639987,Qwen/Qwen2.5-7B-Instruct,4
