concurrency,input,output,ttft_ms,itl_ms,in_tps,out_tps,model_name,tpu_size
8,1024,1,269.6286694999799,0.0,28648.065610709487,27.976626572958484,Qwen/Qwen-7B,1
8,1024,1024,180.3135670000131,20.03769899999952,394.54628940088446,394.54628940088446,Qwen/Qwen-7B,1
