concurrency,input,output,ttft_ms,itl_ms,in_tps,out_tps,model_name,tpu_size
8,1024,1,269.2909575000044,0.0,28714.75293141771,28.04175090958761,Qwen/Qwen-7B,1
8,1024,1024,180.61194500000965,20.333601000004364,391.7763931838624,391.7763931838624,Qwen/Qwen-7B,1
