concurrency,input,output,ttft_ms,itl_ms,in_tps,out_tps,model_name,tpu_size
8,1024,1,269.54497399998445,0.0,28709.764134707868,28.036879037800652,Qwen/Qwen-7B,1
8,1024,1024,180.61234399999648,20.032970999977806,393.73579666844245,393.73579666844245,Qwen/Qwen-7B,1
