concurrency,input,output,ttft_ms,itl_ms,in_tps,out_tps,model_name,tpu_size
256,1024,1,8474.39400799999,0.0,30704.998534429138,29.985350131278455,Qwen/Qwen-7B,1
256,1024,1024,509456.60692799994,20.374364999952377,482.17891297332994,482.17891297332994,Qwen/Qwen-7B,1
256,4096,1,50353.858103000224,0.0,20807.18848271237,5.079880000662199,Qwen/Qwen-7B,1
256,4096,1024,1449881.038426,21.706790000280307,711.9222264238268,177.9805566059567,Qwen/Qwen-7B,1
256,8192,1,133976.0785565013,0.0,15648.134936873452,1.91017272178631,Qwen/Qwen-7B,1
256,8192,1024,3228380.116797499,23.785639999914565,644.6177763416009,80.57722204270011,Qwen/Qwen-7B,1
