concurrency,input,output,ttft_ms,itl_ms,in_tps,out_tps,model_name,tpu_size
256,1024,1,5888.115368999934,0.0,43836.35591394833,42.80894132221517,Qwen/Qwen2.5-7B-Instruct,1
256,1024,1024,26228.62127950009,21.08857450002688,4123.102486726603,4123.102486726603,Qwen/Qwen2.5-7B-Instruct,1
256,4096,1,27464.826921499935,0.0,38121.285055684304,9.306954359297926,Qwen/Qwen2.5-7B-Instruct,1
256,4096,1024,140766.57529599994,22.637785499910024,5781.996361789236,1445.499090447309,Qwen/Qwen2.5-7B-Instruct,1
256,8192,1,62711.959118499864,0.0,33401.876978623,4.077377560867065,Qwen/Qwen2.5-7B-Instruct,1
256,8192,1024,314168.1707184998,22.640569000031974,6038.717991527895,754.8397489409869,Qwen/Qwen2.5-7B-Instruct,1
