concurrency,input,output,ttft_ms,itl_ms,in_tps,out_tps,model_name,tpu_size
256,1024,1,8315.123665499868,0.0,31151.053457879276,30.42095064246023,Qwen/Qwen3-8B,1
256,1024,1024,137604.60357249985,21.117324499982715,1511.5309779797356,1511.5309779797356,Qwen/Qwen3-8B,1
256,4096,1,36863.91624750013,0.0,28414.935958421895,6.937240224224095,Qwen/Qwen3-8B,1
256,4096,1024,452089.6693430002,22.588209999867104,2110.2794824101875,527.5698706025469,Qwen/Qwen3-8B,1
256,8192,1,87055.83750699952,0.0,24075.958939962045,2.9389598315383356,Qwen/Qwen3-8B,1
256,8192,1024,869932.7838234999,21.901649999563233,2309.155705747946,288.64446321849323,Qwen/Qwen3-8B,1
