concurrency,input,output,ttft_ms,itl_ms,in_tps,out_tps,model_name,tpu_size
8,1024,1,269.36332099998594,0.0,26704.43672538282,26.07855148963166,Qwen/Qwen-7B,1
8,1024,1024,180.6200920000265,19.629350999991857,393.93174309926576,393.93174309926576,Qwen/Qwen-7B,1
