concurrency,input,output,ttft_ms,itl_ms,in_tps,out_tps,model_name,tpu_size
8,1024,1,269.36558949998357,0.0,26717.874767007394,26.091674577155658,Qwen/Qwen-7B,1
8,1024,1024,180.53356850001023,19.559087999994063,393.95186172442396,393.95186172442396,Qwen/Qwen-7B,1
