concurrency,input,output,ttft_ms,itl_ms,in_tps,out_tps,model_name,tpu_size
8,1024,1,268.83444900002473,0.0,28765.46692212236,28.091276291135117,Qwen/Qwen-7B,1
8,1024,1024,180.3334899999811,20.44108000001188,393.23161979540055,393.23161979540055,Qwen/Qwen-7B,1
