concurrency,input,output,ttft_ms,itl_ms,in_tps,out_tps,model_name,tpu_size
256,1024,1,7265.181301499979,0.0,35602.59608119353,34.768160235540556,Qwen/Qwen3-8B,1
256,1024,1024,136005.78856800005,20.970985499985773,1528.0661442469186,1528.0661442469186,Qwen/Qwen3-8B,1
256,4096,1,34173.233617999984,0.0,30640.826157008596,7.480670448488427,Qwen/Qwen3-8B,1
256,4096,1024,438114.43153749994,21.976898000048095,2176.2453899921575,544.0613474980394,Qwen/Qwen3-8B,1
256,8192,1,78407.71466650016,0.0,26726.157299294468,3.2624703734490317,Qwen/Qwen3-8B,1
256,8192,1024,864750.4636469998,21.982658000069932,2322.4862482765375,290.3107810345672,Qwen/Qwen3-8B,1
