concurrency,input,output,ttft_ms,itl_ms,in_tps,out_tps,model_name,tpu_size
256,1024,1,22938.136866499975,0.0,11275.043811439928,11.010784972109304,google/gemma-2-2b-it,1
256,1024,1024,329788.4764155,152.29597799998373,537.6573695530201,537.6573695530201,google/gemma-2-2b-it,1
256,4096,1,87598.53847950001,0.0,11953.312153917932,2.91828910007762,google/gemma-2-2b-it,1
256,4096,1024,1014971.3648360003,152.26811599995926,891.7858174933402,222.94645437333506,google/gemma-2-2b-it,1
256,8192,1,181913.48540299942,0.0,11520.27347384732,1.4062833830380028,google/gemma-2-2b-it,1
256,8192,1024,1883274.5344164995,151.8835870010662,999.0654936599786,124.88318670749733,google/gemma-2-2b-it,1
