concurrency,input,output,ttft_ms,itl_ms,in_tps,out_tps,model_name,tpu_size
256,1024,1,8680.400667999947,0.0,29976.633807204926,29.27405645234856,Qwen/Qwen-7B,1
256,1024,1024,561371.1510509998,21.80318500040812,437.5264407872358,437.5264407872358,Qwen/Qwen-7B,1
256,4096,1,52840.042385000284,0.0,19830.763323671126,4.841494952068146,Qwen/Qwen-7B,1
256,4096,1024,1590868.9687180005,23.848988999816356,648.9607168809337,162.24017922023341,Qwen/Qwen-7B,1
256,8192,1,142238.9512785003,0.0,14739.233651407443,1.7992228578378227,Qwen/Qwen-7B,1
256,8192,1024,3116723.938137999,22.87214900024992,667.7404044171046,83.46755055213808,Qwen/Qwen-7B,1
