concurrency,input,output,ttft_ms,itl_ms,in_tps,out_tps,model_name,tpu_size
256,1024,1,6368.623565500002,0.0,40550.2214374168,39.59982562247735,Qwen/Qwen2.5-7B-Instruct,1
256,1024,1024,26632.29681349981,21.16024999986621,4086.2364240501956,4086.2364240501956,Qwen/Qwen2.5-7B-Instruct,1
256,4096,1,27268.972115499993,0.0,38402.040409818976,9.37549814692846,Qwen/Qwen2.5-7B-Instruct,1
256,4096,1024,140907.05752700023,22.728400500000134,5768.632617986207,1442.1581544965518,Qwen/Qwen2.5-7B-Instruct,1
256,8192,1,61851.211875500216,0.0,33879.08268428933,4.135630210484537,Qwen/Qwen2.5-7B-Instruct,1
256,8192,1024,314011.654206,22.702928999933647,6040.39862139279,755.0498276740988,Qwen/Qwen2.5-7B-Instruct,1
