concurrency,input,output,ttft_ms,itl_ms,in_tps,out_tps,model_name,tpu_size
8,1024,1,269.18227000001593,0.0,26787.380380520266,26.159551152851822,Qwen/Qwen-7B,1
8,1024,1024,180.4723140000135,19.633287999965887,393.81288866709247,393.81288866709247,Qwen/Qwen-7B,1
