concurrency,input,output,ttft_ms,itl_ms,in_tps,out_tps,model_name,tpu_size
8,1024,1,270.34979600000497,0.0,26666.26728028685,26.041276640905128,Qwen/Qwen-7B,1
8,1024,1024,181.75187899998946,19.757679000008466,394.0910869196359,394.0910869196359,Qwen/Qwen-7B,1
