concurrency,input,output,ttft_ms,itl_ms,in_tps,out_tps,model_name,tpu_size
8,1024,1,269.30546400001276,0.0,26754.108097053384,26.127058688528695,Qwen/Qwen-7B,1
8,1024,1024,180.76701700002218,19.743399999981648,392.8718089745912,392.8718089745912,Qwen/Qwen-7B,1
