concurrency,input,output,ttft_ms,itl_ms,in_tps,out_tps,model_name,tpu_size
8,1024,1,269.2803299999582,0.0,28722.868204374874,28.049675980834838,Qwen/Qwen-7B,1
8,1024,1024,181.00510599998643,20.506288999968092,392.43195388901955,392.43195388901955,Qwen/Qwen-7B,1
