concurrency,input,output,ttft_ms,itl_ms,in_tps,out_tps,model_name,tpu_size
256,1024,1,7251.297134999959,0.0,35623.744252194876,34.78881274628406,Qwen/Qwen3-8B,1
256,1024,1024,136366.2897449999,21.026265000045896,1524.0613086150956,1524.0613086150956,Qwen/Qwen3-8B,1
256,4096,1,34123.019496999856,0.0,30691.36570899069,7.493009206296555,Qwen/Qwen3-8B,1
256,4096,1024,437412.5168685,21.945420000065496,2180.099042109361,545.0247605273403,Qwen/Qwen3-8B,1
256,8192,1,78266.47578949996,0.0,26773.60428426999,3.2682622417321765,Qwen/Qwen3-8B,1
256,8192,1024,864355.8728745001,21.961659499993402,2323.430200992307,290.4287751240384,Qwen/Qwen3-8B,1
