concurrency,input,output,ttft_ms,itl_ms,in_tps,out_tps,model_name,tpu_size
256,1024,1,6376.4110675001575,0.0,39919.65175787744,38.984034919802184,Qwen/Qwen2.5-7B-Instruct,1
256,1024,1024,26505.815316499822,21.00648650025505,4107.928341249919,4107.928341249919,Qwen/Qwen2.5-7B-Instruct,1
256,4096,1,27312.680802500152,0.0,38338.692113060344,9.360032254165123,Qwen/Qwen2.5-7B-Instruct,1
256,4096,1024,140072.80032100016,22.56182600012835,5803.902162165606,1450.9755405414014,Qwen/Qwen2.5-7B-Instruct,1
256,8192,1,61962.380501000094,0.0,33818.58589631355,4.128245348671087,Qwen/Qwen2.5-7B-Instruct,1
256,8192,1024,312398.60400450014,22.57099799999196,6071.816182978883,758.9770228723604,Qwen/Qwen2.5-7B-Instruct,1
