concurrency,input,output,ttft_ms,itl_ms,in_tps,out_tps,model_name,tpu_size
256,1024,1,22946.058910000032,0.0,11272.503869845292,11.008304560395793,google/gemma-2-2b-it,1
256,1024,1024,329865.437983,152.32875900028375,537.5470492781038,537.5470492781038,google/gemma-2-2b-it,1
256,4096,1,87657.9840835002,0.0,11945.7555918272,2.9164442362859373,google/gemma-2-2b-it,1
256,4096,1024,1015180.751501,152.29473799990956,891.6046756774875,222.90116891937188,google/gemma-2-2b-it,1
256,8192,1,181984.1951885005,0.0,11514.883867484084,1.4056254721049908,google/gemma-2-2b-it,1
256,8192,1024,1883514.1288730002,151.90092849934445,998.9266203185457,124.86582753981821,google/gemma-2-2b-it,1
