concurrency,input,output,ttft_ms,itl_ms,in_tps,out_tps,model_name,tpu_size
256,1024,1,8691.780445000006,0.0,29940.93852800536,29.239197781255235,Qwen/Qwen-7B,1
256,1024,1024,561421.94796,21.842734999950153,437.4884330044386,437.4884330044386,Qwen/Qwen-7B,1
256,4096,1,52907.68877250003,0.0,19806.07913096728,4.835468537833808,Qwen/Qwen-7B,1
256,4096,1024,1590970.7693434998,23.849393999626045,648.9304716051903,162.23261790129757,Qwen/Qwen-7B,1
256,8192,1,142366.67128450016,0.0,14723.283450670824,1.7972758118494658,Qwen/Qwen-7B,1
256,8192,1024,3116918.9912219997,22.874045000207843,667.621360259212,83.4526700324015,Qwen/Qwen-7B,1
