concurrency,input,output,ttft_ms,itl_ms,in_tps,out_tps,model_name,tpu_size
256,1024,1,8478.073558000006,0.0,30678.84273621085,29.959807359580907,Qwen/Qwen-7B,1
256,1024,1024,519964.69915500004,20.827739999958794,472.175291945025,472.175291945025,Qwen/Qwen-7B,1
256,4096,1,50372.91105850011,0.0,20801.16319048044,5.078408982050889,Qwen/Qwen-7B,1
256,4096,1024,1476407.9165115,22.126939999907336,699.0753887003586,174.76884717508966,Qwen/Qwen-7B,1
256,8192,1,134050.12844400018,0.0,15638.740659945785,1.9090259594660381,Qwen/Qwen-7B,1
256,8192,1024,3230798.3588095005,23.860539000452263,644.1458248947658,80.51822811184573,Qwen/Qwen-7B,1
