concurrency,input,output,ttft_ms,itl_ms,in_tps,out_tps,model_name,tpu_size
256,1024,1,23048.567619999973,0.0,11222.960972032104,10.959922824250102,google/gemma-2-2b-it,1
256,1024,1024,330593.11971600004,152.62952900002347,536.4468304012418,536.4468304012418,google/gemma-2-2b-it,1
256,4096,1,88176.7160960003,0.0,11875.605397985611,2.899317724117581,google/gemma-2-2b-it,1
256,4096,1024,1017474.7039859997,152.5853489997644,889.6558983640753,222.4139745910188,google/gemma-2-2b-it,1
256,8192,1,183286.3953535002,0.0,11434.112608635593,1.395765699296337,google/gemma-2-2b-it,1
256,8192,1024,1888658.4936670007,152.24473900161684,996.2619831159273,124.5327478894909,google/gemma-2-2b-it,1
