concurrency,input,output,ttft_ms,itl_ms,in_tps,out_tps,model_name,tpu_size
8,1024,1,237.51163076000466,0.0,30653.449888924777,29.935009657153103,Qwen/Qwen-7B,1
8,1024,1024,186.50351662000503,19.234928255708926,377.14352488321276,377.14352488321276,Qwen/Qwen-7B,1
8,1024,1,245.03426356000546,0.0,31070.60933118098,30.342391924981424,Qwen/Qwen3-8B,1
8,1024,1024,181.3611262400127,15.760053816852405,452.8527325213481,452.8527325213481,Qwen/Qwen3-8B,1
8,1024,1,687.253341840003,0.0,10766.966808049381,10.514616023485724,google/gemma-2-2b-it,1
8,1024,1024,616.5902413200206,139.6670114932841,51.0225947374983,51.0225947374983,google/gemma-2-2b-it,1
8,1024,1,174.2537364199643,0.0,43626.8935019805,42.60438818552783,Qwen/Qwen2.5-7B-Instruct,1
8,1024,1024,128.2371220999903,13.824924851710675,514.86347974753,514.86347974753,Qwen/Qwen2.5-7B-Instruct,1
