concurrency,input,output,ttft_ms,itl_ms,in_tps,out_tps,model_name,tpu_size
8,1024,1,269.6463510000058,0.0,28703.79428876435,28.031049110121437,Qwen/Qwen-7B,1
8,1024,1024,181.0905740000237,20.203081999966344,393.0178909749219,393.0178909749219,Qwen/Qwen-7B,1
