concurrency,input,output,ttft_ms,itl_ms,in_tps,out_tps,model_name,tpu_size
8,1024,1,269.29359099997896,0.0,26733.551919208174,26.106984296101732,Qwen/Qwen-7B,1
8,1024,1024,180.645759000015,19.549568999991607,393.88999285550756,393.88999285550756,Qwen/Qwen-7B,1
