concurrency,input,output,ttft_ms,itl_ms,in_tps,out_tps,model_name,tpu_size
256,1024,1,5889.761886000002,0.0,43831.86117937869,42.804551932987,Qwen/Qwen2.5-7B-Instruct,1
256,1024,1024,26082.39332100001,20.918695999966985,4149.6900179802105,4149.6900179802105,Qwen/Qwen2.5-7B-Instruct,1
256,4096,1,27462.063357000035,0.0,38126.26730899014,9.30817072973392,Qwen/Qwen2.5-7B-Instruct,1
256,4096,1024,140123.67360599997,22.531408999952873,5808.586098803724,1452.146524700931,Qwen/Qwen2.5-7B-Instruct,1
256,8192,1,62684.15368349997,0.0,33428.26135944489,4.080598310479113,Qwen/Qwen2.5-7B-Instruct,1
256,8192,1024,312777.8522325,22.523959999944054,6065.826106468582,758.2282633085728,Qwen/Qwen2.5-7B-Instruct,1
