concurrency,input,output,ttft_ms,itl_ms,in_tps,out_tps,model_name,tpu_size
256,1024,1,8470.141774000012,0.0,30721.405475499178,30.001372534667166,Qwen/Qwen-7B,1
256,1024,1024,514611.13389850006,20.59134550000863,477.19323980880586,477.19323980880586,Qwen/Qwen-7B,1
256,4096,1,50347.089405500126,0.0,20813.15220165496,5.081335986732168,Qwen/Qwen-7B,1
256,4096,1024,1464039.8129735,21.931389000201307,705.1258975766937,176.28147439417342,Qwen/Qwen-7B,1
256,8192,1,133965.01913850033,0.0,15649.27990012926,1.9103124878087476,Qwen/Qwen-7B,1
256,8192,1024,3229139.0787685006,23.808830001144088,644.4479902322773,80.55599877903467,Qwen/Qwen-7B,1
