concurrency,input,output,ttft_ms,itl_ms,in_tps,out_tps,model_name,tpu_size
256,1024,1,8325.615840500064,0.0,31097.643977085572,30.36879294637263,Qwen/Qwen3-8B,1
256,1024,1024,138967.66537999996,21.338060000005044,1497.0383071099518,1497.0383071099518,Qwen/Qwen3-8B,1
256,4096,1,36890.06790149995,0.0,28390.020142272628,6.931157261297028,Qwen/Qwen3-8B,1
256,4096,1024,451208.0138745,22.54782999989402,2114.4670846858417,528.6167711714604,Qwen/Qwen3-8B,1
256,8192,1,87123.02391549997,0.0,24055.68361712923,2.9364848165440955,Qwen/Qwen3-8B,1
256,8192,1024,875386.2950154996,22.05177999985608,2294.873975882063,286.85924698525787,Qwen/Qwen3-8B,1
