concurrency,input,output,ttft_ms,itl_ms,in_tps,out_tps,model_name,tpu_size
256,1024,1,23045.4019135,0.0,11219.07730785995,10.956130183456983,google/gemma-2-2b-it,1
256,1024,1024,330554.8627725,152.61848899990582,536.5070506460944,536.5070506460944,google/gemma-2-2b-it,1
256,4096,1,88164.722643,0.0,11876.977358079374,2.899652675312347,google/gemma-2-2b-it,1
256,4096,1024,1017346.3472940002,152.56516499994177,889.7697952359375,222.44244880898438,google/gemma-2-2b-it,1
256,8192,1,183262.58109499986,0.0,11435.486996781689,1.3959334712868272,google/gemma-2-2b-it,1
256,8192,1024,1888406.5848985,152.2235489992454,996.3895936105517,124.54869920131897,google/gemma-2-2b-it,1
