concurrency,input,output,ttft_ms,itl_ms,in_tps,out_tps,model_name,tpu_size
8,1024,1,269.7134789998472,0.0,26687.472702238556,26.06198506077984,Qwen/Qwen-7B,1
8,1024,1024,180.83850800007895,19.57698000023811,393.8511119961439,393.8511119961439,Qwen/Qwen-7B,1
