concurrency,input,output,ttft_ms,itl_ms,in_tps,out_tps,model_name,tpu_size
256,1024,1,5885.581447999812,0.0,43813.63653093613,42.78675442474231,Qwen/Qwen2.5-7B-Instruct,1
256,1024,1024,26694.934466499944,21.535050000238698,4046.934688830761,4046.934688830761,Qwen/Qwen2.5-7B-Instruct,1
256,4096,1,27463.804136999897,0.0,38127.590289236665,9.30849372295817,Qwen/Qwen2.5-7B-Instruct,1
256,4096,1024,142943.89658950013,23.070929999903456,5690.391841539725,1422.5979603849312,Qwen/Qwen2.5-7B-Instruct,1
256,8192,1,62698.21537899997,0.0,33421.73826400156,4.0798020341798775,Qwen/Qwen2.5-7B-Instruct,1
256,8192,1024,318935.55100100004,23.02315999986604,5946.556549776529,743.3195687220662,Qwen/Qwen2.5-7B-Instruct,1
