concurrency,input,output,ttft_ms,itl_ms,in_tps,out_tps,model_name,tpu_size
8,1024,1,269.47030700000596,0.0,28663.471652179895,27.99167153533193,Qwen/Qwen-7B,1
8,1024,1024,180.82654699998102,20.437079000032554,394.54952005764034,394.54952005764034,Qwen/Qwen-7B,1
