concurrency,input,output,ttft_ms,itl_ms,in_tps,out_tps,model_name,tpu_size
8,1024,1,269.62252399994213,0.0,28677.12445875591,28.005004354253817,Qwen/Qwen-7B,1
8,1024,1024,181.48627499999748,20.45602800001234,393.8900700766564,393.8900700766564,Qwen/Qwen-7B,1
