concurrency,input,output,ttft_ms,itl_ms,in_tps,out_tps,model_name,tpu_size
8,1024,1,269.5049819999724,0.0,26689.853071077,26.064309639723632,Qwen/Qwen-7B,1
8,1024,1024,181.08772900001213,19.741540999973495,392.9516837722798,392.9516837722798,Qwen/Qwen-7B,1
