concurrency,input,output,ttft_ms,itl_ms,in_tps,out_tps,model_name,tpu_size
8,1024,1,269.5298045000243,0.0,26424.238357752693,25.804920271242864,Qwen/Qwen-7B,1
8,1024,1024,180.41423100001452,19.77470799999992,392.39965192110304,392.39965192110304,Qwen/Qwen-7B,1
