concurrency,input,output,ttft_ms,itl_ms,in_tps,out_tps,model_name,tpu_size
8,1024,1,269.2991270000107,0.0,26660.208248576186,26.03535961775018,Qwen/Qwen-7B,1
8,1024,1024,180.47171999998568,19.854602000009436,391.84667532298437,391.84667532298437,Qwen/Qwen-7B,1
