concurrency,input,output,ttft_ms,itl_ms,in_tps,out_tps,model_name,tpu_size
8,1024,1,269.90646699999843,0.0,26647.26340514599,26.02271816908788,Qwen/Qwen-7B,1
8,1024,1024,181.31689899999515,20.23235899997644,391.3878689578647,391.3878689578647,Qwen/Qwen-7B,1
