concurrency,input,output,ttft_ms,itl_ms,in_tps,out_tps,model_name,tpu_size
8,1024,1,269.6588470000165,0.0,28659.814057233565,27.988099665267153,Qwen/Qwen-7B,1
8,1024,1024,189.05149749997463,19.801906999987295,393.2684641147394,393.2684641147394,Qwen/Qwen-7B,1
