concurrency,input,output,ttft_ms,itl_ms,in_tps,out_tps,model_name,tpu_size
8,1024,1,269.40176699997664,0.0,28694.152550515617,28.021633350112907,Qwen/Qwen-7B,1
8,1024,1024,167.32961400001045,19.607109000048695,393.4590883859836,393.4590883859836,Qwen/Qwen-7B,1
