concurrency,input,output,ttft_ms,itl_ms,in_tps,out_tps,model_name,tpu_size
8,1024,1,269.5376734999684,0.0,28707.603691619544,28.03476923009721,Qwen/Qwen-7B,1
8,1024,1024,180.85119499997404,20.540041999993264,391.0981854292477,391.0981854292477,Qwen/Qwen-7B,1
