concurrency,input,output,ttft_ms,itl_ms,in_tps,out_tps,model_name,tpu_size
8,1024,1,268.75587450001603,0.0,26765.39577780206,26.138081814259824,Qwen/Qwen-7B,1
8,1024,1024,180.18691099999273,19.898121000039737,391.402499867706,391.402499867706,Qwen/Qwen-7B,1
