concurrency,input,output,ttft_ms,itl_ms,in_tps,out_tps,model_name,tpu_size
8,1024,1,269.50913450002645,0.0,28618.760319846042,27.94800812484965,Qwen/Qwen-7B,1
8,1024,1024,180.51153600001157,20.055622000029416,391.0332119372557,391.0332119372557,Qwen/Qwen-7B,1
