concurrency,input,output,ttft_ms,itl_ms,in_tps,out_tps,model_name,tpu_size
8,1024,1,269.3115420000254,0.0,26760.15674121584,26.132965567593594,Qwen/Qwen-7B,1
8,1024,1024,180.51247299999318,19.559059000016532,393.7711877379158,393.7711877379158,Qwen/Qwen-7B,1
