concurrency,input,output,ttft_ms,itl_ms,in_tps,out_tps,model_name,tpu_size
8,1024,1,269.82575650004037,0.0,26690.1161173079,26.064566520808498,Qwen/Qwen-7B,1
8,1024,1024,180.8779450000202,19.71780899998521,393.7837049568225,393.7837049568225,Qwen/Qwen-7B,1
