concurrency,input,output,ttft_ms,itl_ms,in_tps,out_tps,model_name,tpu_size
8,1024,1,269.13192349999804,0.0,26700.906175040032,26.07510368656253,Qwen/Qwen-7B,1
8,1024,1024,180.47697399998697,19.53029100002368,394.19723725145514,394.19723725145514,Qwen/Qwen-7B,1
