concurrency,input,output,ttft_ms,itl_ms,in_tps,out_tps,model_name,tpu_size
8,1024,1,269.7574149999866,0.0,26645.44577799393,26.020943142572197,Qwen/Qwen-7B,1
8,1024,1024,180.11976800002572,19.701741999995193,392.9783152211245,392.9783152211245,Qwen/Qwen-7B,1
