concurrency,input,output,ttft_ms,itl_ms,in_tps,out_tps,model_name,tpu_size
256,1024,1,23049.627301499866,0.0,11219.701688995245,10.956739930659419,google/gemma-2-2b-it,1
256,1024,1024,330590.02745699993,152.62767900003382,536.3967120470771,536.3967120470771,google/gemma-2-2b-it,1
256,4096,1,88178.30185200046,0.0,11875.368164950793,2.8992598058961896,google/gemma-2-2b-it,1
256,4096,1024,1017441.7194465,152.5847499997326,889.6490225091882,222.41225562729704,google/gemma-2-2b-it,1
256,8192,1,183284.8174845003,0.0,11434.196302490684,1.3957759158313823,google/gemma-2-2b-it,1
256,8192,1024,1888614.321103999,152.2399999994377,996.2833176405516,124.53541470506894,google/gemma-2-2b-it,1
