concurrency,input,output,ttft_ms,itl_ms,in_tps,out_tps,model_name,tpu_size
256,1024,1,8298.46401149996,0.0,31189.711785256903,30.458702915289944,Qwen/Qwen3-8B,1
256,1024,1024,139317.6639630001,21.40100999997685,1493.0526871062905,1493.0526871062905,Qwen/Qwen3-8B,1
256,4096,1,36789.3397544999,0.0,28450.8566558227,6.946009925737964,Qwen/Qwen3-8B,1
256,4096,1024,456077.6287085,22.80931999985114,2091.7625743213216,522.9406435803304,Qwen/Qwen3-8B,1
256,8192,1,86909.20471300001,0.0,24096.2287662743,2.9414341755705933,Qwen/Qwen3-8B,1
256,8192,1024,879535.1944785004,22.144720000142115,2284.1960128889264,285.5245016111158,Qwen/Qwen3-8B,1
