concurrency,input,output,ttft_ms,itl_ms,in_tps,out_tps,model_name,tpu_size
8,1024,1,268.9682330000096,0.0,28656.1749378325,27.98454583772705,Qwen/Qwen-7B,1
8,1024,1024,182.8164000000072,20.08945299996867,391.1066023219375,391.1066023219375,Qwen/Qwen-7B,1
