concurrency,input,output,ttft_ms,itl_ms,in_tps,out_tps,model_name,tpu_size
8,1024,1,269.8397559999819,0.0,26681.129946721303,26.055790963595022,Qwen/Qwen-7B,1
8,1024,1024,180.67684600001144,19.82042999998157,393.13903439124965,393.13903439124965,Qwen/Qwen-7B,1
